날짜,Negative,Positive,X_t,nsi,Negative_percent,Positive_percent
2020/07/01,39.0,25.0,-0.21875,,0.609375,0.390625
2020/07/02,181.0,113.0,-0.2312925170068027,92.929,0.6156462585034014,0.3843537414965986
2020/07/03,287.0,151.0,-0.3105022831050228,88.545,0.6552511415525114,0.3447488584474886
2020/07/04,317.0,158.0,-0.3347368421052631,89.395,0.6673684210526316,0.33263157894736844
2020/07/05,353.0,189.0,-0.3025830258302583,95.522,0.6512915129151291,0.34870848708487084
2020/07/06,473.0,258.0,-0.2941176470588235,97.384,0.6470588235294118,0.35294117647058826
2020/07/07,611.0,313.0,-0.3225108225108225,92.281,0.6612554112554112,0.33874458874458874
2020/07/08,809.0,354.0,-0.3912295786758383,83.67,0.6956147893379192,0.30438521066208085
2020/07/09,1004.0,421.0,-0.4091228070175438,84.752,0.7045614035087719,0.29543859649122806
2020/07/10,1373.0,775.0,-0.2783985102420857,105.106,0.6391992551210428,0.3608007448789572
2020/07/11,1516.0,842.0,-0.2858354537743851,103.688,0.6429177268871925,0.3570822731128075
2020/07/12,1587.0,845.0,-0.3050986842105263,100.347,0.6525493421052632,0.34745065789473684
2020/07/13,1804.0,948.0,-0.311046511627907,99.296,0.6555232558139535,0.3444767441860465
2020/07/14,2030.0,1120.0,-0.2888888888888888,103.355,0.6444444444444445,0.35555555555555557
2020/07/15,2055.0,1150.0,-0.2823712948517941,104.452,0.641185647425897,0.358814352574103
2020/07/16,2299.0,1436.0,-0.231057563587684,113.419,0.6155287817938421,0.384471218206158
2020/07/17,2111.0,1223.0,-0.2663467306538692,106.269,0.6331733653269346,0.36682663467306537
2020/07/18,2214.0,1251.0,-0.2779220779220779,103.844,0.638961038961039,0.36103896103896105
2020/07/19,2311.0,1317.0,-0.2739801543550165,104.504,0.6369900771775082,0.3630099228224917
2020/07/20,2286.0,1308.0,-0.2721202003338898,104.745,0.6360601001669449,0.3639398998330551
2020/07/21,2038.0,1142.0,-0.2817610062893081,102.625,0.6408805031446541,0.3591194968553459
2020/07/22,1945.0,1159.0,-0.253221649484536,108.5,0.626610824742268,0.37338917525773196
2020/07/23,1593.0,888.0,-0.2841596130592503,101.673,0.6420798065296252,0.35792019347037485
2020/07/24,1483.0,830.0,-0.2823173367920449,102.043,0.6411586683960225,0.3588413316039775
2020/07/25,1323.0,789.0,-0.2528409090909091,108.496,0.6264204545454546,0.37357954545454547
2020/07/26,1290.0,769.0,-0.2530354541039339,108.177,0.626517727051967,0.37348227294803304
2020/07/27,1417.0,796.0,-0.280614550384094,101.745,0.640307275192047,0.359692724807953
2020/07/28,2012.0,998.0,-0.3368770764119601,88.912,0.6684385382059801,0.3315614617940199
2020/07/29,3124.0,1372.0,-0.3896797153024911,78.879,0.6948398576512456,0.30516014234875444
2020/07/30,4386.0,1991.0,-0.3755684491140034,83.179,0.6877842245570017,0.3122157754429983
2020/07/31,5322.0,2430.0,-0.3730650154798761,84.63,0.6865325077399381,0.31346749226006193
2020/08/01,5676.0,2650.0,-0.3634398270478021,87.182,0.681719913523901,0.31828008647609896
2020/08/02,6222.0,2835.0,-0.3739648890361047,85.752,0.6869824445180523,0.31301755548194765
2020/08/03,7529.0,3501.0,-0.3651858567543064,87.967,0.6825929283771532,0.31740707162284676
2020/08/04,7867.0,3887.0,-0.3386081334013953,93.378,0.6693040667006976,0.33069593329930236
2020/08/05,7268.0,3736.0,-0.3209741912031988,96.95,0.6604870956015995,0.3395129043984006
2020/08/06,6601.0,3565.0,-0.2986425339366516,101.455,0.6493212669683258,0.3506787330316742
2020/08/07,6080.0,3311.0,-0.2948567777659461,102.203,0.647428388882973,0.35257161111702695
2020/08/08,5991.0,3143.0,-0.3118020582439238,98.693,0.6559010291219619,0.3440989708780381
2020/08/09,5594.0,3104.0,-0.2862727063692803,104.018,0.6431363531846401,0.35686364681535987
2020/08/10,4472.0,2657.0,-0.2545939121896479,110.491,0.6272969560948239,0.37270304390517606
2020/08/11,3862.0,2298.0,-0.2538961038961039,110.373,0.6269480519480519,0.3730519480519481
2020/08/12,3543.0,2307.0,-0.2112820512820512,118.399,0.6056410256410256,0.3943589743589744
2020/08/13,3217.0,2024.0,-0.2276283152070215,114.487,0.6138141576035108,0.38618584239648923
2020/08/14,3211.0,2069.0,-0.2162878787878787,116.1,0.6081439393939394,0.3918560606060606
2020/08/15,3026.0,2080.0,-0.1852722287504896,120.919,0.5926361143752448,0.4073638856247552
2020/08/16,2785.0,1908.0,-0.1868740677604943,119.515,0.5934370338802472,0.40656296611975284
2020/08/17,2377.0,1620.0,-0.1893920440330247,118.166,0.5946960220165124,0.4053039779834876
2020/08/18,2274.0,1489.0,-0.208610151474887,114.238,0.6043050757374435,0.3956949242625565
2020/08/19,2611.0,1370.0,-0.3117307209243908,95.918,0.6558653604621955,0.3441346395378046
2020/08/20,2563.0,1325.0,-0.3184156378600823,94.782,0.6592078189300411,0.34079218106995884
2020/08/21,2088.0,1021.0,-0.3431971695078804,90.477,0.6715985847539402,0.3284014152460598
2020/08/22,1974.0,940.0,-0.3548387096774194,88.624,0.6774193548387096,0.3225806451612903
2020/08/23,1965.0,902.0,-0.3707708405999302,86.14,0.6853854202999651,0.31461457970003487
2020/08/24,1870.0,829.0,-0.3856984068173397,84.018,0.6928492034086698,0.3071507965913301
2020/08/25,1813.0,983.0,-0.2968526466380544,99.671,0.6484263233190272,0.35157367668097284
2020/08/26,1381.0,950.0,-0.1848991848991849,118.772,0.5924495924495925,0.40755040755040756
2020/08/27,1135.0,748.0,-0.2055231014338821,114.768,0.602761550716941,0.39723844928305896
2020/08/28,1186.0,800.0,-0.1943605236656596,116.161,0.5971802618328298,0.4028197381671702
2020/08/29,1175.0,795.0,-0.1928934010152284,115.915,0.5964467005076142,0.4035532994923858
2020/08/30,1212.0,842.0,-0.1801363193768257,117.43,0.5900681596884129,0.40993184031158714
2020/08/31,1522.0,975.0,-0.2190628754505406,110.856,0.6095314377252703,0.3904685622747297
2020/09/01,1378.0,784.0,-0.274745605920444,101.734,0.637372802960222,0.36262719703977797
2020/09/02,1270.0,694.0,-0.2932790224032586,98.689,0.6466395112016293,0.3533604887983707
2020/09/03,1239.0,722.0,-0.2636409994900561,103.583,0.6318204997450281,0.3681795002549719
2020/09/04,1207.0,719.0,-0.2533748701973001,105.25,0.6266874350986501,0.37331256490134995
2020/09/05,1190.0,703.0,-0.2572636027469624,104.554,0.6286318013734813,0.37136819862651876
2020/09/06,1158.0,679.0,-0.2607512248230811,103.93,0.6303756124115406,0.36962438758845945
2020/09/07,962.0,698.0,-0.1590361445783132,120.436,0.5795180722891566,0.42048192771084336
2020/09/08,1050.0,760.0,-0.1602209944751381,119.525,0.580110497237569,0.4198895027624309
2020/09/09,1029.0,724.0,-0.1739874500855676,116.81,0.5869937250427838,0.4130062749572162
2020/09/10,1009.0,670.0,-0.201905896366885,112.118,0.6009529481834425,0.3990470518165575
2020/09/11,1051.0,636.0,-0.2459988144635447,105.026,0.6229994072317724,0.3770005927682276
2020/09/12,1041.0,633.0,-0.2437275985663082,105.344,0.6218637992831542,0.3781362007168459
2020/09/13,990.0,600.0,-0.2452830188679245,105.051,0.6226415094339622,0.37735849056603776
2020/09/14,869.0,468.0,-0.299925205684368,96.211,0.649962602842184,0.350037397157816
2020/09/15,799.0,346.0,-0.3956331877729258,81.174,0.6978165938864629,0.3021834061135371
2020/09/16,706.0,297.0,-0.4077766699900299,79.913,0.7038883349950149,0.29611166500498504
2020/09/17,671.0,401.0,-0.251865671641791,104.374,0.6259328358208955,0.37406716417910446
2020/09/18,655.0,437.0,-0.1996336996336996,112.42,0.5998168498168498,0.4001831501831502
2020/09/19,674.0,475.0,-0.1731940818102698,116.202,0.5865970409051349,0.4134029590948651
2020/09/20,711.0,500.0,-0.1742361684558216,115.696,0.5871180842279108,0.41288191577208916
2020/09/21,637.0,445.0,-0.177449168207024,114.901,0.588724584103512,0.411275415896488
2020/09/22,589.0,474.0,-0.1081843838193791,124.412,0.5540921919096896,0.44590780809031044
2020/09/23,707.0,678.0,-0.0209386281588447,134.385,0.5104693140794224,0.48953068592057764
2020/09/24,799.0,581.0,-0.1579710144927536,115.156,0.5789855072463768,0.4210144927536232
2020/09/25,711.0,519.0,-0.1560975609756097,115.118,0.5780487804878048,0.4219512195121951
2020/09/26,694.0,481.0,-0.1812765957446808,111.538,0.5906382978723405,0.4093617021276596
2020/09/27,684.0,481.0,-0.1742489270386266,112.313,0.5871244635193134,0.4128755364806867
2020/09/28,775.0,544.0,-0.1751326762699014,112.026,0.5875663381349507,0.41243366186504926
2020/09/29,760.0,500.0,-0.2063492063492063,107.746,0.6031746031746031,0.3968253968253968
2020/09/30,634.0,299.0,-0.3590568060021436,87.281,0.6795284030010718,0.3204715969989282
2020/10/01,479.0,277.0,-0.2671957671957672,99.661,0.6335978835978836,0.3664021164021164
2020/10/02,460.0,290.0,-0.2266666666666666,105.117,0.6133333333333333,0.38666666666666666
2020/10/03,506.0,350.0,-0.1822429906542056,111.029,0.5911214953271028,0.4088785046728972
2020/10/04,525.0,360.0,-0.1864406779661017,110.345,0.5932203389830508,0.4067796610169492
2020/10/05,583.0,411.0,-0.1730382293762575,112.011,0.5865191146881288,0.4134808853118712
2020/10/06,592.0,414.0,-0.1769383697813121,111.348,0.588469184890656,0.4115308151093439
2020/10/07,623.0,444.0,-0.1677600749765698,112.426,0.5838800374882849,0.41611996251171507
2020/10/08,944.0,537.0,-0.2748143146522619,97.998,0.637407157326131,0.362592842673869
2020/10/09,986.0,514.0,-0.3146666666666666,92.654,0.6573333333333333,0.3426666666666667
2020/10/10,954.0,479.0,-0.3314724354501047,90.461,0.6657362177250523,0.3342637822749477
2020/10/11,944.0,513.0,-0.2958133150308853,95.335,0.6479066575154427,0.3520933424845573
2020/10/12,959.0,486.0,-0.3273356401384083,91.112,0.6636678200692041,0.33633217993079584
2020/10/13,974.0,458.0,-0.3603351955307262,86.783,0.6801675977653632,0.3198324022346369
2020/10/14,1281.0,538.0,-0.4084661902144035,80.683,0.7042330951072018,0.2957669048927982
2020/10/15,1269.0,570.0,-0.3800978792822186,84.735,0.6900489396411092,0.3099510603588907
2020/10/16,1517.0,775.0,-0.3237347294938918,92.309,0.6618673647469459,0.3381326352530541
2020/10/17,1523.0,745.0,-0.3430335097001764,89.827,0.6715167548500882,0.32848324514991184
2020/10/18,1498.0,682.0,-0.3743119266055046,85.846,0.6871559633027523,0.3128440366972477
2020/10/19,1479.0,633.0,-0.4005681818181818,82.678,0.7002840909090909,0.2997159090909091
2020/10/20,1603.0,666.0,-0.4129572498898193,81.429,0.7064786249449097,0.29352137505509035
2020/10/21,1498.0,634.0,-0.4052532833020638,82.745,0.702626641651032,0.2973733583489681
2020/10/22,1572.0,649.0,-0.4155785682125169,81.77,0.7077892841062584,0.29221071589374153
2020/10/23,1577.0,643.0,-0.4207207207207207,81.483,0.7103603603603603,0.2896396396396396
2020/10/24,1660.0,696.0,-0.4091680814940577,83.226,0.7045840407470289,0.29541595925297115
2020/10/25,1809.0,785.0,-0.3947571318427139,85.236,0.6973785659213569,0.302621434078643
2020/10/26,1797.0,821.0,-0.372803666921314,88.095,0.686401833460657,0.313598166539343
2020/10/27,1647.0,813.0,-0.3390243902439024,92.348,0.6695121951219513,0.3304878048780488
2020/10/28,1973.0,1596.0,-0.105631829644158,120.935,0.552815914822079,0.44718408517792096
2020/10/29,2093.0,1848.0,-0.0621669626998223,125.442,0.5310834813499112,0.4689165186500888
2020/10/30,1914.0,1696.0,-0.060387811634349,124.883,0.5301939058171745,0.4698060941828255
2020/10/31,1852.0,1654.0,-0.0564746149458071,124.6,0.5282373074729035,0.4717626925270964
2020/11/01,1810.0,1621.0,-0.0550859807636257,124.068,0.5275429903818128,0.4724570096181871
2020/11/02,1886.0,1722.0,-0.0454545454545454,124.435,0.5227272727272727,0.4772727272727273
2020/11/03,2062.0,1755.0,-0.0804296567985328,120.164,0.5402148283992665,0.45978517160073357
2020/11/04,1636.0,943.0,-0.2687088018611865,99.693,0.6343544009305933,0.36564559906940675
2020/11/05,1258.0,595.0,-0.3577981651376147,90.046,0.6788990825688074,0.3211009174311927
2020/11/06,1388.0,674.0,-0.3462657613967022,91.364,0.6731328806983511,0.3268671193016489
2020/11/07,1349.0,665.0,-0.3396226415094339,92.139,0.6698113207547169,0.330188679245283
2020/11/08,1357.0,672.0,-0.3376047313947757,92.406,0.6688023656973878,0.3311976343026121
2020/11/09,1794.0,779.0,-0.3944811504080839,86.323,0.6972405752040419,0.302759424795958
2020/11/10,1829.0,835.0,-0.3731231231231231,88.753,0.6865615615615616,0.31343843843843844
2020/11/11,1992.0,889.0,-0.3828531759805623,87.806,0.6914265879902811,0.30857341200971883
2020/11/12,2017.0,945.0,-0.3619176232275489,90.159,0.6809588116137745,0.3190411883862255
2020/11/13,1837.0,839.0,-0.3729446935724962,89.048,0.6864723467862481,0.31352765321375187
2020/11/14,1886.0,838.0,-0.3847283406754772,87.876,0.6923641703377387,0.3076358296622614
2020/11/15,1850.0,834.0,-0.3785394932935916,88.644,0.6892697466467959,0.3107302533532042
2020/11/16,1442.0,683.0,-0.3571764705882353,91.021,0.6785882352941176,0.32141176470588234
2020/11/17,1368.0,645.0,-0.3591654247391952,90.866,0.6795827123695977,0.3204172876304024
2020/11/18,1458.0,673.0,-0.3683716564992961,89.938,0.684185828249648,0.3158141717503519
2020/11/19,2269.0,1383.0,-0.2426067907995618,103.589,0.621303395399781,0.37869660460021903
2020/11/20,2530.0,1550.0,-0.2401960784313725,103.836,0.6200980392156863,0.3799019607843137
2020/11/21,2647.0,1621.0,-0.2403936269915651,103.8,0.6201968134957826,0.3798031865042174
2020/11/22,2630.0,1569.0,-0.2526792093355561,102.444,0.626339604667778,0.37366039533222195
2020/11/23,2621.0,1523.0,-0.2649613899613899,101.089,0.632480694980695,0.367519305019305
2020/11/24,2821.0,1602.0,-0.275604793126837,99.914,0.6378023965634185,0.36219760343658153
2020/11/25,2535.0,1513.0,-0.2524703557312253,102.468,0.6262351778656127,0.37376482213438733
2020/11/26,1704.0,710.0,-0.4117647058823529,84.935,0.7058823529411765,0.29411764705882354
2020/11/27,1409.0,516.0,-0.4638961038961039,79.532,0.7319480519480519,0.26805194805194804
2020/11/28,1274.0,479.0,-0.4535082715345123,80.968,0.7267541357672561,0.2732458642327439
2020/11/29,1275.0,508.0,-0.430173864273696,83.699,0.715086932136848,0.284913067863152
2020/11/30,1325.0,592.0,-0.3823682837767345,88.936,0.6911841418883672,0.30881585811163276
2020/12/01,1140.0,608.0,-0.3043478260869565,97.353,0.6521739130434783,0.34782608695652173
2020/12/02,1148.0,707.0,-0.2377358490566037,104.535,0.6188679245283019,0.38113207547169814
2020/12/03,1254.0,898.0,-0.1654275092936803,112.272,0.5827137546468402,0.41728624535315983
2020/12/04,1329.0,1041.0,-0.1215189873417721,116.813,0.5607594936708861,0.43924050632911393
2020/12/05,1453.0,1088.0,-0.1436442345533254,114.293,0.5718221172766628,0.4281778827233373
2020/12/06,1457.0,1093.0,-0.1427450980392156,114.252,0.5713725490196079,0.4286274509803922
2020/12/07,1280.0,990.0,-0.1277533039647577,115.68,0.5638766519823789,0.43612334801762115
2020/12/08,1161.0,884.0,-0.1354523227383863,114.715,0.5677261613691932,0.4322738386308069
2020/12/09,1112.0,777.0,-0.1773425092641609,110.212,0.5886712546320805,0.4113287453679195
2020/12/10,906.0,620.0,-0.1874180865006553,109.094,0.5937090432503277,0.40629095674967236
2020/12/11,833.0,507.0,-0.2432835820895522,103.163,0.6216417910447761,0.3783582089552239
2020/12/12,667.0,429.0,-0.2171532846715328,105.916,0.6085766423357665,0.3914233576642336
2020/12/13,604.0,398.0,-0.2055888223552894,107.114,0.6027944111776448,0.3972055888223553
2020/12/14,608.0,389.0,-0.2196589769307923,105.592,0.6098294884653962,0.3901705115346038
2020/12/15,672.0,374.0,-0.2848948374760994,98.626,0.6424474187380497,0.3575525812619503
2020/12/16,744.0,378.0,-0.3262032085561497,94.222,0.6631016042780749,0.33689839572192515
2020/12/17,789.0,472.0,-0.2513877874702617,102.248,0.6256938937351308,0.37430610626486915
2020/12/18,834.0,503.0,-0.2475691847419596,102.651,0.6237845923709798,0.37621540762902017
2020/12/19,808.0,486.0,-0.2488408037094281,102.506,0.624420401854714,0.3755795981452859
2020/12/20,857.0,493.0,-0.2696296296296296,100.255,0.6348148148148148,0.36518518518518517
2020/12/21,803.0,544.0,-0.192279138827023,108.611,0.5961395694135115,0.4038604305864885
2020/12/22,786.0,568.0,-0.1610044313146233,111.926,0.5805022156573116,0.4194977843426883
2020/12/23,755.0,545.0,-0.1615384615384615,111.787,0.5807692307692308,0.41923076923076924
2020/12/24,728.0,470.0,-0.2153589315525876,105.93,0.6076794657762938,0.39232053422370616
2020/12/25,629.0,439.0,-0.1779026217228464,109.942,0.5889513108614233,0.4110486891385768
2020/12/26,628.0,443.0,-0.172735760971055,110.442,0.5863678804855276,0.41363211951447243
2020/12/27,632.0,512.0,-0.1048951048951049,117.603,0.5524475524475524,0.44755244755244755
2020/12/28,877.0,668.0,-0.1352750809061488,114.204,0.5676375404530745,0.4323624595469256
2020/12/29,880.0,698.0,-0.1153358681875792,116.186,0.5576679340937896,0.4423320659062104
2020/12/30,851.0,719.0,-0.0840764331210191,119.281,0.5420382165605095,0.45796178343949046
2020/12/31,859.0,674.0,-0.1206784083496412,115.249,0.5603392041748206,0.43966079582517936
2021/01/01,57.0,23.0,-0.425,83.189,0.7125,0.2875
2021/01/02,120.0,74.0,-0.2371134020618556,102.983,0.6185567010309279,0.38144329896907214
2021/01/03,181.0,129.0,-0.1677419354838709,110.256,0.5838709677419355,0.4161290322580645
2021/01/04,286.0,237.0,-0.0936902485659655,117.876,0.5468451242829828,0.45315487571701724
2021/01/05,324.0,253.0,-0.1230502599653379,114.668,0.561525129982669,0.43847487001733104
2021/01/06,431.0,320.0,-0.1478029294274301,111.999,0.5739014647137151,0.42609853528628494
2021/01/07,556.0,395.0,-0.1692954784437434,109.702,0.5846477392218717,0.4153522607781283
2021/01/08,545.0,386.0,-0.1707841031149301,109.499,0.5853920515574651,0.4146079484425349
2021/01/09,495.0,339.0,-0.1870503597122302,107.765,0.5935251798561151,0.4064748201438849
2021/01/11,492.0,317.0,-0.2163164400494437,104.686,0.6081582200247219,0.39184177997527814
2021/01/12,453.0,228.0,-0.3303964757709251,92.746,0.6651982378854625,0.33480176211453744
2021/01/13,528.0,288.0,-0.2941176470588235,96.566,0.6470588235294118,0.35294117647058826
2021/01/14,487.0,302.0,-0.2344740177439797,102.838,0.6172370088719898,0.38276299112801015
2021/01/15,434.0,293.0,-0.1939477303988996,107.088,0.5969738651994498,0.4030261348005502
2021/01/16,406.0,305.0,-0.1420534458509142,112.49,0.5710267229254571,0.4289732770745429
2021/01/17,423.0,385.0,-0.047029702970297,122.18,0.5235148514851485,0.47648514851485146
2021/01/18,428.0,401.0,-0.0325693606755126,123.307,0.5162846803377563,0.4837153196622437
2021/01/19,404.0,433.0,0.034647550776583,129.511,0.4826762246117085,0.5173237753882916
2021/01/20,316.0,379.0,0.0906474820143884,134.067,0.4546762589928058,0.5453237410071943
2021/01/21,303.0,333.0,0.0471698113207547,129.081,0.47641509433962265,0.5235849056603774
2021/01/22,236.0,273.0,0.0726915520628683,130.731,0.4636542239685658,0.5363457760314342
2021/01/23,228.0,251.0,0.0480167014613778,127.786,0.4759916492693111,0.524008350730689
2021/01/24,230.0,183.0,-0.1138014527845036,112.646,0.5569007263922519,0.4430992736077482
2021/01/25,197.0,171.0,-0.0706521739130434,116.506,0.5353260869565217,0.46467391304347827
2021/01/26,200.0,131.0,-0.2084592145015106,103.743,0.6042296072507553,0.3957703927492447
2021/01/27,226.0,129.0,-0.2732394366197183,97.742,0.6366197183098592,0.36338028169014086
2021/01/28,237.0,127.0,-0.3021978021978022,95.065,0.6510989010989011,0.3489010989010989
2021/01/29,254.0,127.0,-0.3333333333333333,92.196,0.6666666666666666,0.3333333333333333
2021/01/31,262.0,124.0,-0.3575129533678756,89.99,0.6787564766839378,0.32124352331606215
2021/02/01,254.0,123.0,-0.3474801061007957,90.963,0.6737400530503979,0.32625994694960214
2021/02/02,266.0,109.0,-0.4186666666666667,84.452,0.7093333333333334,0.2906666666666667
2021/02/03,329.0,125.0,-0.4493392070484581,81.787,0.724669603524229,0.2753303964757709
2021/02/04,296.0,106.0,-0.472636815920398,79.873,0.736318407960199,0.263681592039801
2021/02/05,275.0,108.0,-0.4360313315926893,83.377,0.7180156657963447,0.2819843342036554
2021/02/07,272.0,110.0,-0.4240837696335078,84.589,0.7120418848167539,0.2879581151832461
2021/02/08,296.0,118.0,-0.429951690821256,84.183,0.714975845410628,0.28502415458937197
2021/02/09,289.0,110.0,-0.4486215538847117,82.648,0.7243107769423559,0.2756892230576441
2021/02/10,265.0,94.0,-0.4763231197771588,80.365,0.7381615598885793,0.2618384401114206
2021/02/11,163.0,68.0,-0.4112554112554112,86.294,0.7056277056277056,0.2943722943722944
2021/02/12,193.0,96.0,-0.3356401384083045,93.089,0.6678200692041523,0.33217993079584773
2021/02/13,166.0,62.0,-0.4561403508771929,82.445,0.7280701754385965,0.2719298245614035
2021/02/14,157.0,74.0,-0.3593073593073593,91.123,0.6796536796536796,0.3203463203463203
2021/02/15,153.0,72.0,-0.36,91.097,0.68,0.32
2021/02/16,190.0,175.0,-0.0410958904109589,119.38,0.5205479452054794,0.4794520547945205
2021/02/17,220.0,208.0,-0.02803738317757,120.307,0.514018691588785,0.48598130841121495
2021/02/18,254.0,224.0,-0.0627615062761506,117.098,0.5313807531380753,0.4686192468619247
2021/02/19,251.0,216.0,-0.0749464668094218,115.905,0.5374732334047109,0.4625267665952891
2021/02/20,253.0,217.0,-0.076595744680851,115.643,0.5382978723404256,0.46170212765957447
2021/02/21,274.0,212.0,-0.1275720164609053,111.143,0.5637860082304527,0.43621399176954734
2021/02/22,254.0,237.0,-0.0346232179226069,119.053,0.5173116089613035,0.48268839103869654
2021/02/23,200.0,128.0,-0.2195121951219512,103.021,0.6097560975609756,0.3902439024390244
2021/02/24,202.0,114.0,-0.2784810126582278,97.905,0.6392405063291139,0.36075949367088606
2021/02/25,197.0,133.0,-0.1939393939393939,105.248,0.5969696969696969,0.403030303030303
2021/02/26,172.0,117.0,-0.1903114186851211,105.549,0.5951557093425606,0.40484429065743943
2021/03/01,176.0,125.0,-0.1694352159468438,107.347,0.584717607973422,0.4152823920265781
2021/03/02,153.0,122.0,-0.1127272727272727,112.237,0.5563636363636364,0.44363636363636366
2021/03/03,156.0,92.0,-0.2580645161290322,99.554,0.6290322580645161,0.3709677419354839
2021/03/05,178.0,105.0,-0.2579505300353357,99.565,0.6289752650176679,0.3710247349823322
2021/03/06,136.0,79.0,-0.2651162790697674,98.939,0.6325581395348837,0.3674418604651163
2021/03/08,147.0,51.0,-0.4848484848484848,79.856,0.7424242424242424,0.25757575757575757
2021/03/09,143.0,48.0,-0.4973821989528796,78.999,0.7486910994764397,0.2513089005235602
2021/03/10,148.0,67.0,-0.3767441860465116,89.496,0.6883720930232559,0.3116279069767442
2021/03/11,181.0,80.0,-0.3869731800766283,88.663,0.6934865900383141,0.3065134099616858
2021/03/12,210.0,105.0,-0.3333333333333333,93.326,0.6666666666666666,0.3333333333333333
2021/03/13,233.0,114.0,-0.3429394812680115,92.517,0.6714697406340058,0.3285302593659942
2021/03/14,297.0,136.0,-0.371824480369515,90.051,0.6859122401847575,0.3140877598152425
2021/03/15,308.0,160.0,-0.3162393162393162,94.885,0.6581196581196581,0.3418803418803419
2021/03/16,316.0,194.0,-0.2392156862745098,101.573,0.6196078431372549,0.3803921568627451
2021/03/17,300.0,230.0,-0.1320754716981132,110.852,0.5660377358490566,0.4339622641509434
2021/03/18,274.0,209.0,-0.134575569358178,110.59,0.567287784679089,0.432712215320911
2021/03/19,241.0,195.0,-0.1055045871559633,113.049,0.5527522935779816,0.44724770642201833
2021/03/20,199.0,173.0,-0.0698924731182795,116.029,0.5349462365591398,0.4650537634408602
2021/03/21,168.0,172.0,0.0117647058823529,122.819,0.49411764705882355,0.5058823529411764
2021/03/22,151.0,167.0,0.050314465408805,125.739,0.4748427672955975,0.5251572327044025
2021/03/23,218.0,245.0,0.0583153347732181,126.018,0.4708423326133909,0.5291576673866091
2021/03/24,230.0,190.0,-0.0952380952380952,113.057,0.5476190476190477,0.4523809523809524
2021/03/25,274.0,248.0,-0.0498084291187739,116.743,0.524904214559387,0.47509578544061304
2021/03/26,271.0,260.0,-0.0207156308851224,119.004,0.5103578154425612,0.4896421845574388
2021/03/27,300.0,270.0,-0.0526315789473684,116.237,0.5263157894736842,0.47368421052631576
2021/03/28,358.0,335.0,-0.0331890331890331,117.707,0.5165945165945166,0.4834054834054834
2021/03/29,943.0,644.0,-0.1884057971014492,104.887,0.5942028985507246,0.4057971014492754
2021/03/30,1352.0,768.0,-0.2754716981132075,97.696,0.6377358490566037,0.3622641509433962
2021/03/31,1780.0,935.0,-0.3112338858195211,94.748,0.6556169429097606,0.3443830570902394
2021/04/01,2383.0,1194.0,-0.3324014537321778,93.013,0.6662007268660889,0.3337992731339111
2021/04/02,2833.0,1338.0,-0.3584272356748981,90.884,0.679213617837449,0.32078638216255095
2021/04/03,2982.0,1386.0,-0.3653846153846153,90.342,0.6826923076923077,0.3173076923076923
2021/04/04,3102.0,1395.0,-0.3795863909272848,89.206,0.6897931954636425,0.31020680453635757
2021/04/05,2688.0,1159.0,-0.3974525604367039,87.78,0.6987262802183519,0.301273719781648
2021/04/06,2296.0,964.0,-0.4085889570552147,86.922,0.7042944785276074,0.29570552147239265
2021/04/07,2055.0,882.0,-0.3993871297242083,87.74,0.6996935648621042,0.3003064351378958
2021/04/08,1803.0,720.0,-0.4292508917954816,85.354,0.7146254458977408,0.2853745541022592
2021/04/09,1442.0,597.0,-0.4144188327611574,86.647,0.7072094163805788,0.2927905836194213
2021/04/10,1313.0,547.0,-0.4118279569892473,86.925,0.7059139784946237,0.2940860215053763
2021/04/11,1147.0,462.0,-0.4257302672467371,85.857,0.7128651336233686,0.28713486637663144
2021/04/12,1016.0,394.0,-0.4411347517730496,84.684,0.7205673758865249,0.2794326241134752
2021/04/13,970.0,390.0,-0.4264705882352941,85.961,0.7132352941176471,0.2867647058823529
2021/04/14,787.0,305.0,-0.4413919413919414,84.83,0.7206959706959707,0.2793040293040293
2021/04/15,583.0,298.0,-0.3234960272417707,94.468,0.6617480136208853,0.33825198637911463
2021/04/16,624.0,361.0,-0.267005076142132,99.087,0.6335025380710659,0.366497461928934
2021/04/17,696.0,408.0,-0.2608695652173913,99.59,0.6304347826086957,0.3695652173913043
2021/04/18,685.0,425.0,-0.2342342342342342,101.772,0.6171171171171171,0.38288288288288286
2021/04/19,664.0,431.0,-0.2127853881278538,103.527,0.6063926940639269,0.39360730593607307
2021/04/20,748.0,482.0,-0.216260162601626,103.235,0.608130081300813,0.39186991869918697
2021/04/21,799.0,490.0,-0.2397207137315748,101.299,0.6198603568657874,0.38013964313421256
2021/04/22,617.0,370.0,-0.2502532928064843,100.429,0.6251266464032421,0.37487335359675783
2021/04/23,537.0,278.0,-0.3177914110429448,94.854,0.6588957055214724,0.3411042944785276
2021/04/24,449.0,242.0,-0.2995658465991317,96.37,0.6497829232995659,0.35021707670043417
2021/04/25,431.0,223.0,-0.3180428134556575,94.849,0.6590214067278287,0.3409785932721712
2021/04/26,418.0,200.0,-0.3527508090614886,91.989,0.6763754045307443,0.32362459546925565
2021/04/27,347.0,146.0,-0.4077079107505071,87.478,0.7038539553752535,0.2961460446247465
2021/04/28,366.0,189.0,-0.3189189189189189,94.86,0.6594594594594595,0.34054054054054056
2021/04/29,385.0,183.0,-0.3556338028169014,91.831,0.6778169014084507,0.3221830985915493
2021/04/30,335.0,175.0,-0.3137254901960784,95.326,0.6568627450980392,0.3431372549019608
2021/05/02,337.0,186.0,-0.2887189292543021,97.413,0.6443594646271511,0.35564053537284895
2021/05/03,350.0,191.0,-0.2939001848428835,96.986,0.6469500924214417,0.35304990757855825
2021/05/04,362.0,203.0,-0.2814159292035398,98.032,0.6407079646017699,0.35929203539823007
2021/05/05,332.0,190.0,-0.2720306513409962,98.82,0.6360153256704981,0.36398467432950193
2021/05/06,369.0,202.0,-0.2924693520140105,97.112,0.6462346760070052,0.35376532399299476
2021/05/07,386.0,198.0,-0.3219178082191781,94.652,0.660958904109589,0.339041095890411
2021/05/08,410.0,215.0,-0.312,95.494,0.656,0.344
2021/05/09,422.0,203.0,-0.3504,92.283,0.6752,0.3248
2021/05/10,529.0,305.0,-0.2685851318944844,99.173,0.6342925659472423,0.3657074340527578
2021/05/11,562.0,322.0,-0.2714932126696832,98.93,0.6357466063348416,0.36425339366515835
2021/05/12,621.0,375.0,-0.2469879518072289,100.998,0.6234939759036144,0.37650602409638556
2021/05/13,543.0,330.0,-0.2439862542955326,101.25,0.6219931271477663,0.37800687285223367
2021/05/14,536.0,358.0,-0.1991051454138702,105.043,0.5995525727069351,0.4004474272930649
2021/05/15,509.0,346.0,-0.1906432748538011,105.749,0.5953216374269006,0.4046783625730994
2021/05/16,468.0,332.0,-0.17,107.484,0.585,0.415
2021/05/17,379.0,243.0,-0.2186495176848874,103.342,0.6093247588424437,0.39067524115755625
2021/05/18,321.0,222.0,-0.1823204419889502,106.42,0.5911602209944752,0.4088397790055249
2021/05/19,252.0,159.0,-0.2262773722627737,102.671,0.6131386861313869,0.38686131386861317
2021/05/20,244.0,154.0,-0.2261306532663316,102.679,0.6130653266331658,0.3869346733668342
2021/05/21,217.0,116.0,-0.3033033033033033,96.091,0.6516516516516516,0.3483483483483483
2021/05/22,220.0,113.0,-0.3213213213213213,94.561,0.6606606606606606,0.33933933933933935
2021/05/23,241.0,115.0,-0.3539325842696629,91.789,0.6769662921348315,0.32303370786516855
2021/05/24,240.0,111.0,-0.3675213675213675,90.652,0.6837606837606838,0.3162393162393162
2021/05/25,250.0,108.0,-0.3966480446927374,88.199,0.6983240223463687,0.3016759776536313
2021/05/26,287.0,126.0,-0.3898305084745763,88.822,0.6949152542372882,0.3050847457627119
2021/05/27,307.0,131.0,-0.4018264840182648,87.842,0.7009132420091324,0.2990867579908676
2021/05/28,382.0,186.0,-0.3450704225352112,92.716,0.6725352112676056,0.3274647887323944
2021/05/29,474.0,212.0,-0.3819241982507289,89.593,0.6909620991253644,0.30903790087463556
2021/05/30,491.0,239.0,-0.3452054794520548,92.754,0.6726027397260274,0.3273972602739726
2021/05/31,649.0,357.0,-0.2902584493041749,97.467,0.6451292246520874,0.3548707753479125
2021/06/01,859.0,524.0,-0.2422270426608821,101.585,0.6211135213304411,0.37888647866955893
2021/06/02,876.0,550.0,-0.2286115007012622,102.751,0.6143057503506312,0.3856942496493689
2021/06/03,911.0,622.0,-0.1885192433137638,106.188,0.594259621656882,0.40574037834311805
2021/06/04,890.0,590.0,-0.2027027027027027,104.957,0.6013513513513513,0.39864864864864863
2021/06/05,811.0,564.0,-0.1796363636363636,106.931,0.5898181818181818,0.4101818181818182
2021/06/06,806.0,572.0,-0.1698113207547169,107.76,0.5849056603773585,0.41509433962264153
2021/06/07,642.0,486.0,-0.1382978723404255,110.448,0.5691489361702128,0.4308510638297872
2021/06/08,497.0,361.0,-0.1585081585081585,108.681,0.5792540792540792,0.42074592074592077
2021/06/09,486.0,430.0,-0.0611353711790393,116.992,0.5305676855895196,0.46943231441048033
2021/06/10,488.0,439.0,-0.052858683926645,117.597,0.5264293419633226,0.47357065803667747
2021/06/11,478.0,445.0,-0.0357529794149512,118.935,0.5178764897074756,0.48212351029252437
2021/06/12,492.0,445.0,-0.0501600853788687,117.596,0.5250800426894343,0.47491995731056563
2021/06/13,484.0,412.0,-0.0803571428571428,114.949,0.5401785714285714,0.45982142857142855
2021/06/14,523.0,404.0,-0.128371089536138,110.829,0.564185544768069,0.43581445523193096
2021/06/15,462.0,379.0,-0.0986920332936979,113.3,0.549346016646849,0.450653983353151
2021/06/16,533.0,299.0,-0.28125,97.789,0.640625,0.359375
2021/06/17,688.0,288.0,-0.4098360655737705,86.898,0.7049180327868853,0.29508196721311475
2021/06/18,657.0,270.0,-0.4174757281553398,86.306,0.7087378640776699,0.2912621359223301
2021/06/19,653.0,280.0,-0.3997856377277599,87.852,0.69989281886388,0.30010718113612006
2021/06/20,656.0,296.0,-0.3781512605042016,89.718,0.6890756302521008,0.31092436974789917
2021/06/21,640.0,295.0,-0.3689839572192513,90.522,0.6844919786096256,0.3155080213903743
2021/06/22,642.0,289.0,-0.3791621911922664,89.689,0.6895810955961332,0.3104189044038668
2021/06/23,603.0,340.0,-0.2788971367974549,98.198,0.6394485683987274,0.3605514316012725
2021/06/24,413.0,285.0,-0.1833810888252149,106.3,0.5916905444126075,0.40830945558739257
2021/06/25,469.0,332.0,-0.1710362047440699,107.333,0.5855181023720349,0.41448189762796506
2021/06/26,494.0,344.0,-0.1789976133651551,106.642,0.5894988066825776,0.4105011933174224
2021/06/27,523.0,352.0,-0.1954285714285714,105.234,0.5977142857142858,0.4022857142857143
2021/06/28,553.0,351.0,-0.2234513274336283,102.841,0.6117256637168141,0.38827433628318586
2021/06/29,577.0,404.0,-0.1763506625891947,106.847,0.5881753312945973,0.41182466870540263
2021/06/30,502.0,346.0,-0.1839622641509433,106.185,0.5919811320754716,0.4080188679245283
2021/07/01,615.0,362.0,-0.2589559877175025,99.774,0.6294779938587513,0.3705220061412487
2021/07/02,717.0,436.0,-0.243712055507372,101.077,0.6218560277536861,0.37814397224631396
2021/07/03,717.0,417.0,-0.2645502645502645,99.292,0.6322751322751323,0.36772486772486773
2021/07/04,689.0,412.0,-0.251589464123524,100.404,0.6257947320617621,0.37420526793823794
2021/07/05,774.0,510.0,-0.205607476635514,104.35,0.602803738317757,0.397196261682243
2021/07/06,814.0,493.0,-0.2456006120887528,100.907,0.6228003060443764,0.3771996939556236
2021/07/07,931.0,564.0,-0.2454849498327759,100.915,0.622742474916388,0.37725752508361204
2021/07/08,881.0,572.0,-0.2126634549208534,103.742,0.6063317274604267,0.3936682725395733
2021/07/09,755.0,464.0,-0.2387202625102543,101.488,0.6193601312551271,0.3806398687448728
2021/07/10,724.0,488.0,-0.1947194719471947,105.286,0.5973597359735974,0.40264026402640263
2021/07/11,775.0,478.0,-0.2370311252992817,101.62,0.6185155626496409,0.38148443735035914
2021/07/12,668.0,365.0,-0.2933204259438529,96.743,0.6466602129719264,0.35333978702807356
2021/07/13,774.0,366.0,-0.3578947368421052,91.158,0.6789473684210526,0.32105263157894737
2021/07/14,789.0,333.0,-0.4064171122994652,86.991,0.7032085561497327,0.2967914438502674
2021/07/15,743.0,310.0,-0.4112060778727445,86.626,0.7056030389363722,0.2943969610636277
2021/07/16,753.0,312.0,-0.4140845070422535,86.429,0.7070422535211267,0.29295774647887324
2021/07/17,746.0,285.0,-0.4471387002909796,83.648,0.7235693501454898,0.27643064985451016
2021/07/18,682.0,273.0,-0.4282722513089005,85.34,0.7141361256544503,0.2858638743455497
2021/07/19,672.0,268.0,-0.4297872340425532,85.272,0.7148936170212766,0.2851063829787234
2021/07/20,644.0,291.0,-0.3775401069518717,89.798,0.6887700534759358,0.31122994652406416
2021/07/21,972.0,795.0,-0.100169779286927,113.629,0.5500848896434635,0.44991511035653653
2021/07/22,1170.0,996.0,-0.0803324099722991,115.268,0.5401662049861495,0.4598337950138504
2021/07/23,1165.0,1009.0,-0.0717571297148114,115.929,0.5358785648574057,0.4641214351425943
2021/07/24,1299.0,1104.0,-0.0811485642946317,115.06,0.5405742821473158,0.45942571785268416
2021/07/25,1458.0,1434.0,-0.0082987551867219,121.137,0.504149377593361,0.495850622406639
2021/07/26,1643.0,1587.0,-0.0173374613003096,120.232,0.5086687306501548,0.4913312693498452
2021/07/27,1716.0,1661.0,-0.01628664495114,120.186,0.50814332247557,0.49185667752442996
2021/07/28,1704.0,1316.0,-0.1284768211920529,110.682,0.5642384105960265,0.4357615894039735
2021/07/29,1702.0,1229.0,-0.1613783691572842,107.887,0.580689184578642,0.4193108154213579
2021/07/30,1739.0,1258.0,-0.1604938271604938,107.945,0.5802469135802469,0.41975308641975306
2021/07/31,1653.0,1179.0,-0.1673728813559322,107.349,0.5836864406779662,0.4163135593220339
2021/08/01,1538.0,891.0,-0.2663647591601482,98.979,0.6331823795800741,0.3668176204199259
2021/08/02,1423.0,794.0,-0.2837167343256653,97.513,0.6418583671628326,0.3581416328371673
2021/08/03,1310.0,690.0,-0.31,95.292,0.655,0.345
2021/08/04,946.0,499.0,-0.3093425605536332,95.355,0.6546712802768166,0.3453287197231834
2021/08/05,828.0,472.0,-0.2738461538461538,98.373,0.6369230769230769,0.3630769230769231
2021/08/06,835.0,446.0,-0.3036690085870414,95.842,0.6518345042935206,0.3481654957064793
2021/08/07,797.0,433.0,-0.2959349593495935,96.506,0.6479674796747967,0.35203252032520327
2021/08/08,790.0,422.0,-0.3036303630363036,95.856,0.6518151815181518,0.3481848184818482
2021/08/09,714.0,360.0,-0.329608938547486,93.651,0.664804469273743,0.33519553072625696
2021/08/10,683.0,349.0,-0.3236434108527132,94.17,0.6618217054263565,0.3381782945736434
2021/08/11,747.0,351.0,-0.360655737704918,91.027,0.680327868852459,0.319672131147541
2021/08/12,647.0,250.0,-0.4425863991081382,84.094,0.7212931995540691,0.2787068004459309
2021/08/13,673.0,246.0,-0.4646354733405876,82.305,0.7323177366702938,0.2676822633297062
2021/08/14,725.0,272.0,-0.4543630892678034,83.259,0.7271815446339017,0.2728184553660983
2021/08/15,679.0,250.0,-0.4617868675995694,82.715,0.7308934337997847,0.2691065662002153
2021/08/16,692.0,258.0,-0.4568421052631579,83.214,0.728421052631579,0.27157894736842103
2021/08/17,698.0,258.0,-0.4602510460251046,83.008,0.7301255230125523,0.2698744769874477
2021/08/18,671.0,273.0,-0.4216101694915254,86.314,0.7108050847457628,0.2891949152542373
2021/08/19,800.0,318.0,-0.4311270125223613,85.567,0.7155635062611807,0.2844364937388193
2021/08/20,722.0,283.0,-0.4368159203980099,85.148,0.718407960199005,0.281592039800995
2021/08/21,680.0,262.0,-0.4437367303609342,84.63,0.721868365180467,0.2781316348195329
2021/08/22,689.0,264.0,-0.4459601259181532,84.509,0.7229800629590766,0.2770199370409234
2021/08/23,765.0,309.0,-0.4245810055865922,86.345,0.7122905027932961,0.2877094972067039
2021/08/24,789.0,320.0,-0.4229035166816952,86.532,0.7114517583408476,0.2885482416591524
2021/08/25,805.0,386.0,-0.3518052057094878,92.483,0.6759026028547439,0.3240973971452561
2021/08/26,832.0,451.0,-0.2969602494154326,97.069,0.6484801247077163,0.35151987529228373
2021/08/27,901.0,511.0,-0.2762039660056657,98.807,0.6381019830028328,0.3618980169971671
2021/08/28,879.0,502.0,-0.2729905865314989,99.077,0.6364952932657495,0.36350470673425056
2021/08/29,985.0,600.0,-0.2429022082018927,101.598,0.6214511041009464,0.3785488958990536
2021/08/30,999.0,610.0,-0.2417650714729645,101.691,0.6208825357364823,0.3791174642635177
2021/08/31,926.0,593.0,-0.2192231731402238,103.581,0.6096115865701119,0.39038841342988806
2021/09/01,880.0,548.0,-0.2324929971988795,102.461,0.6162464985994398,0.38375350140056025
2021/09/02,717.0,461.0,-0.2173174872665534,103.734,0.6086587436332768,0.39134125636672323
2021/09/03,649.0,417.0,-0.2176360225140713,103.702,0.6088180112570356,0.39118198874296434
2021/09/04,660.0,421.0,-0.2210915818686401,103.406,0.61054579093432,0.3894542090656799
2021/09/05,565.0,326.0,-0.2682379349046015,99.424,0.6341189674523008,0.3658810325476992
2021/09/06,460.0,282.0,-0.2398921832884097,101.819,0.6199460916442049,0.38005390835579517
2021/09/07,523.0,270.0,-0.3190416141235813,95.124,0.6595208070617906,0.34047919293820933
2021/09/08,572.0,250.0,-0.3917274939172749,88.992,0.6958637469586375,0.30413625304136255
2021/09/09,656.0,299.0,-0.3738219895287958,90.531,0.6869109947643979,0.31308900523560207
2021/09/10,627.0,314.0,-0.332624867162593,94.031,0.6663124335812965,0.3336875664187035
2021/09/11,631.0,331.0,-0.3118503118503118,95.799,0.6559251559251559,0.34407484407484407
2021/09/12,653.0,355.0,-0.2956349206349206,97.179,0.6478174603174603,0.3521825396825397
2021/09/13,682.0,368.0,-0.299047619047619,96.893,0.6495238095238095,0.3504761904761905
2021/09/14,735.0,617.0,-0.0872781065088757,114.852,0.5436390532544378,0.45636094674556216
2021/09/15,706.0,704.0,-0.001418439716312,121.996,0.500709219858156,0.49929078014184397
2021/09/16,676.0,657.0,-0.0142535633908477,120.782,0.5071267816954238,0.49287321830457614
2021/09/17,666.0,630.0,-0.0277777777777777,119.534,0.5138888888888888,0.4861111111111111
2021/09/18,679.0,635.0,-0.0334855403348554,118.954,0.5167427701674278,0.4832572298325723
2021/09/19,649.0,607.0,-0.0334394904458598,118.859,0.51671974522293,0.48328025477707004
2021/09/20,620.0,623.0,0.0024135156878519,121.709,0.498793242156074,0.501206757843926
2021/09/21,456.0,358.0,-0.1203931203931203,111.471,0.5601965601965602,0.4398034398034398
2021/09/22,366.0,235.0,-0.2179700499168053,103.36,0.6089850249584027,0.3910149750415973
2021/09/23,327.0,243.0,-0.1473684210526315,109.213,0.5736842105263158,0.4263157894736842
2021/09/24,359.0,252.0,-0.1751227495908347,106.892,0.5875613747954174,0.41243862520458263
2021/09/26,331.0,225.0,-0.1906474820143885,105.592,0.5953237410071942,0.40467625899280574
2021/09/27,340.0,225.0,-0.2035398230088495,104.512,0.6017699115044248,0.39823008849557523
2021/09/28,321.0,171.0,-0.3048780487804878,96.069,0.6524390243902439,0.3475609756097561
2021/09/29,390.0,181.0,-0.3660245183887916,90.984,0.6830122591943958,0.3169877408056042
2021/09/30,396.0,170.0,-0.3992932862190813,88.239,0.6996466431095406,0.3003533568904594
2021/10/01,343.0,130.0,-0.4503171247357294,84.045,0.7251585623678647,0.2748414376321353
2021/10/02,326.0,134.0,-0.417391304347826,86.828,0.7086956521739131,0.29130434782608694
2021/10/03,342.0,130.0,-0.4491525423728814,84.246,0.7245762711864406,0.2754237288135593
2021/10/04,345.0,129.0,-0.4556962025316455,83.768,0.7278481012658228,0.2721518987341772
2021/10/05,380.0,142.0,-0.4559386973180077,83.813,0.7279693486590039,0.2720306513409962
2021/10/06,401.0,199.0,-0.3366666666666666,93.696,0.6683333333333333,0.33166666666666667
2021/10/07,418.0,245.0,-0.2609351432880845,99.969,0.6304675716440422,0.3695324283559578
2021/10/08,425.0,245.0,-0.2686567164179104,99.329,0.6343283582089553,0.3656716417910448
2021/10/09,396.0,225.0,-0.2753623188405797,98.774,0.6376811594202898,0.36231884057971014
2021/10/10,379.0,232.0,-0.2405891980360065,101.662,0.6202945990180033,0.37970540098199673
2021/10/11,392.0,226.0,-0.2686084142394822,99.332,0.6343042071197411,0.3656957928802589
2021/10/12,335.0,221.0,-0.2050359712230215,104.62,0.6025179856115108,0.39748201438848924
2021/10/13,357.0,181.0,-0.3271375464684015,94.45,0.6635687732342007,0.33643122676579923
2021/10/14,348.0,157.0,-0.3782178217821782,90.21,0.689108910891089,0.3108910891089109
2021/10/15,368.0,144.0,-0.4375,85.315,0.71875,0.28125
2021/10/16,381.0,135.0,-0.4767441860465116,82.127,0.7383720930232558,0.2616279069767442
2021/10/17,396.0,133.0,-0.497164461247637,80.531,0.7485822306238186,0.2514177693761815
2021/10/18,383.0,164.0,-0.4003656307129798,88.58,0.70018281535649,0.29981718464351004
2021/10/19,410.0,167.0,-0.4211438474870017,86.897,0.7105719237435009,0.28942807625649913
2021/10/20,402.0,178.0,-0.3862068965517241,89.812,0.6931034482758621,0.30689655172413793
2021/10/21,448.0,198.0,-0.3869969040247678,89.769,0.6934984520123839,0.3065015479876161
2021/10/22,439.0,198.0,-0.3783359497645212,90.505,0.6891679748822606,0.3108320251177394
2021/10/23,427.0,207.0,-0.3470031545741325,93.109,0.6735015772870663,0.3264984227129338
2021/10/24,406.0,207.0,-0.3246329526916802,94.968,0.6623164763458401,0.3376835236541599
2021/10/25,416.0,218.0,-0.3123028391167192,95.995,0.6561514195583596,0.3438485804416404
2021/10/26,431.0,234.0,-0.2962406015037594,97.331,0.6481203007518797,0.3518796992481203
2021/10/27,373.0,209.0,-0.281786941580756,98.533,0.6408934707903781,0.359106529209622
2021/10/28,277.0,166.0,-0.2505643340857788,101.127,0.6252821670428894,0.3747178329571106
2021/10/29,308.0,174.0,-0.2780082987551867,98.845,0.6390041493775933,0.36099585062240663
2021/10/30,308.0,166.0,-0.2995780590717299,97.051,0.6497890295358649,0.350210970464135
2021/10/31,314.0,159.0,-0.3276955602536998,94.714,0.6638477801268499,0.3361522198731501
2021/11/01,285.0,111.0,-0.4393939393939394,85.441,0.7196969696969697,0.2803030303030303
2021/11/02,246.0,79.0,-0.5138461538461538,79.349,0.7569230769230769,0.24307692307692308
2021/11/03,241.0,71.0,-0.5448717948717948,76.926,0.7724358974358975,0.22756410256410256
2021/11/04,263.0,98.0,-0.4570637119113573,84.243,0.7285318559556787,0.27146814404432135
2021/11/05,264.0,159.0,-0.2482269503546099,101.483,0.624113475177305,0.375886524822695
2021/11/06,261.0,180.0,-0.1836734693877551,106.807,0.5918367346938775,0.40816326530612246
2021/11/07,298.0,197.0,-0.204040404040404,105.116,0.602020202020202,0.397979797979798
2021/11/08,297.0,222.0,-0.1445086705202312,110.022,0.5722543352601156,0.4277456647398844
2021/11/09,311.0,255.0,-0.0989399293286219,113.752,0.549469964664311,0.450530035335689
2021/11/10,269.0,263.0,-0.0112781954887218,120.883,0.5056390977443609,0.4943609022556391
2021/11/11,247.0,251.0,0.0080321285140562,122.336,0.4959839357429719,0.5040160642570282
2021/11/12,213.0,178.0,-0.0895140664961636,114.288,0.5447570332480819,0.45524296675191817
2021/11/13,200.0,156.0,-0.1235955056179775,111.468,0.5617977528089888,0.43820224719101125
2021/11/14,191.0,154.0,-0.1072463768115942,112.773,0.553623188405797,0.4463768115942029
2021/11/15,249.0,187.0,-0.1422018348623853,109.891,0.5711009174311926,0.4288990825688073
2021/11/16,312.0,174.0,-0.2839506172839506,98.286,0.6419753086419753,0.35802469135802467
2021/11/17,354.0,179.0,-0.3283302063789868,94.656,0.6641651031894934,0.33583489681050654
2021/11/18,363.0,181.0,-0.3345588235294117,94.153,0.6672794117647058,0.3327205882352941
2021/11/19,381.0,214.0,-0.280672268907563,98.577,0.6403361344537815,0.3596638655462185
2021/11/20,627.0,259.0,-0.4153498871331828,87.544,0.7076749435665914,0.29232505643340856
2021/11/21,635.0,304.0,-0.3525026624068157,92.716,0.6762513312034079,0.32374866879659214
2021/11/22,629.0,282.0,-0.3809001097694841,90.401,0.6904500548847421,0.30954994511525796
2021/11/23,563.0,285.0,-0.3278301886792453,94.768,0.6639150943396226,0.33608490566037735
2021/11/24,524.0,271.0,-0.3182389937106918,95.562,0.6591194968553459,0.34088050314465407
2021/11/25,574.0,287.0,-0.3333333333333333,94.327,0.6666666666666666,0.3333333333333333
2021/11/26,580.0,273.0,-0.3599062133645955,92.152,0.6799531066822978,0.32004689331770225
2021/11/27,365.0,233.0,-0.2207357859531772,103.611,0.6103678929765887,0.3896321070234114
2021/11/28,331.0,183.0,-0.2879377431906614,98.073,0.6439688715953308,0.3560311284046693
2021/11/29,302.0,162.0,-0.3017241379310345,96.939,0.6508620689655172,0.34913793103448276
2021/11/30,296.0,161.0,-0.2954048140043763,97.463,0.6477024070021882,0.3522975929978118
2021/12/01,283.0,158.0,-0.2834467120181406,98.454,0.6417233560090703,0.35827664399092973
2021/12/02,320.0,195.0,-0.2427184466019417,101.822,0.6213592233009708,0.3786407766990291
2021/12/03,292.0,181.0,-0.2346723044397463,102.486,0.6173361522198731,0.38266384778012685
2021/12/04,314.0,207.0,-0.2053742802303263,104.909,0.6026871401151631,0.39731285988483683
2021/12/05,332.0,214.0,-0.2161172161172161,104.013,0.608058608058608,0.39194139194139194
2021/12/06,346.0,228.0,-0.205574912891986,104.882,0.6027874564459931,0.397212543554007
2021/12/07,364.0,214.0,-0.259515570934256,100.4,0.629757785467128,0.370242214532872
2021/12/08,396.0,214.0,-0.2983606557377049,97.172,0.6491803278688525,0.35081967213114756
2021/12/09,321.0,136.0,-0.4048140043763676,88.336,0.7024070021881839,0.2975929978118162
2021/12/10,366.0,144.0,-0.4352941176470588,85.841,0.7176470588235294,0.2823529411764706
2021/12/11,319.0,111.0,-0.4837209302325581,81.89,0.7418604651162791,0.25813953488372093
2021/12/12,318.0,103.0,-0.5106888361045131,79.753,0.7553444180522565,0.24465558194774348
2021/12/13,307.0,91.0,-0.542713567839196,77.24,0.7713567839195979,0.228643216080402
2021/12/14,494.0,161.0,-0.5083969465648855,80.161,0.7541984732824427,0.24580152671755726
2021/12/15,526.0,170.0,-0.5114942528735632,80.003,0.7557471264367817,0.2442528735632184
2021/12/16,572.0,231.0,-0.4246575342465753,87.148,0.7123287671232876,0.2876712328767123
2021/12/17,522.0,224.0,-0.3994638069705093,89.232,0.6997319034852547,0.3002680965147453
2021/12/19,528.0,231.0,-0.391304347826087,89.919,0.6956521739130435,0.30434782608695654
2021/12/20,631.0,338.0,-0.3023735810113519,97.2,0.651186790505676,0.34881320949432404
2021/12/21,693.0,368.0,-0.3063147973609802,96.88,0.65315739868049,0.3468426013195099
2021/12/22,611.0,330.0,-0.2986184909670563,97.514,0.6493092454835282,0.35069075451647186
2021/12/23,586.0,319.0,-0.2950276243093923,97.811,0.6475138121546962,0.3524861878453039
2021/12/24,608.0,272.0,-0.3818181818181818,90.699,0.6909090909090909,0.3090909090909091
2021/12/25,588.0,264.0,-0.380281690140845,90.841,0.6901408450704225,0.30985915492957744
2021/12/26,605.0,298.0,-0.3399778516057586,94.16,0.6699889258028793,0.3300110741971207
2021/12/27,556.0,199.0,-0.4728476821192053,83.297,0.7364238410596027,0.2635761589403974
2021/12/28,520.0,213.0,-0.4188267394270122,87.759,0.7094133697135061,0.29058663028649384
2021/12/29,411.0,190.0,-0.367720465890183,91.963,0.6838602329450915,0.3161397670549085
2021/12/30,460.0,225.0,-0.3430656934306569,93.994,0.6715328467153284,0.3284671532846715
2021/12/31,411.0,255.0,-0.2342342342342342,102.925,0.6171171171171171,0.38288288288288286
2022/01/01,442.0,268.0,-0.2450704225352112,102.033,0.6225352112676056,0.37746478873239436
2022/01/02,487.0,255.0,-0.3126684636118598,96.477,0.6563342318059299,0.3436657681940701
2022/01/03,446.0,276.0,-0.2354570637119113,102.83,0.6177285318559557,0.38227146814404434
2022/01/04,423.0,237.0,-0.2818181818181818,99.011,0.6409090909090909,0.35909090909090907
2022/01/05,435.0,237.0,-0.2946428571428571,97.956,0.6473214285714286,0.35267857142857145
2022/01/06,352.0,189.0,-0.3012939001848428,97.41,0.6506469500924215,0.34935304990757854
2022/01/07,294.0,141.0,-0.3517241379310344,93.253,0.6758620689655173,0.32413793103448274
2022/01/08,271.0,131.0,-0.3482587064676617,93.548,0.6741293532338308,0.32587064676616917
2022/01/10,223.0,124.0,-0.2853025936599423,98.755,0.6426512968299711,0.3573487031700288
2022/01/11,231.0,100.0,-0.3957703927492447,89.632,0.6978851963746223,0.3021148036253776
2022/01/13,227.0,96.0,-0.4055727554179567,88.844,0.7027863777089783,0.29721362229102166
2022/01/14,227.0,119.0,-0.3121387283236994,96.577,0.6560693641618497,0.3439306358381503
2022/01/15,211.0,120.0,-0.2749244712990936,99.659,0.6374622356495468,0.36253776435045315
2022/01/16,235.0,145.0,-0.2368421052631578,102.812,0.618421052631579,0.3815789473684211
2022/01/17,251.0,157.0,-0.230392156862745,103.344,0.6151960784313726,0.38480392156862747
2022/01/18,283.0,165.0,-0.2633928571428571,100.604,0.6316964285714286,0.36830357142857145
2022/01/19,320.0,205.0,-0.219047619047619,104.284,0.6095238095238096,0.3904761904761905
2022/01/20,358.0,215.0,-0.2495636998254799,101.745,0.62478184991274,0.37521815008726006
2022/01/21,339.0,188.0,-0.286527514231499,98.67,0.6432637571157496,0.3567362428842505
2022/01/22,337.0,189.0,-0.2813688212927757,99.101,0.6406844106463878,0.3593155893536122
2022/01/23,315.0,174.0,-0.2883435582822086,98.52,0.6441717791411042,0.3558282208588957
2022/01/24,301.0,168.0,-0.2835820895522388,98.919,0.6417910447761194,0.3582089552238806
2022/01/25,265.0,149.0,-0.2801932367149758,99.202,0.6400966183574879,0.35990338164251207
2022/01/26,174.0,93.0,-0.3033707865168539,97.268,0.651685393258427,0.34831460674157305
2022/01/27,210.0,116.0,-0.2883435582822086,98.526,0.6441717791411042,0.3558282208588957
2022/01/28,188.0,100.0,-0.3055555555555556,97.088,0.6527777777777778,0.3472222222222222
2022/01/29,233.0,118.0,-0.3276353276353276,95.243,0.6638176638176638,0.33618233618233617
2022/01/30,238.0,118.0,-0.3370786516853932,94.457,0.6685393258426966,0.33146067415730335
2022/01/31,248.0,115.0,-0.3663911845730027,92.009,0.6831955922865014,0.3168044077134986
2022/02/01,261.0,124.0,-0.3558441558441558,92.904,0.6779220779220779,0.3220779220779221
2022/02/02,271.0,129.0,-0.355,92.984,0.6775,0.3225
2022/02/03,255.0,137.0,-0.3010204081632653,97.521,0.6505102040816326,0.3494897959183674
2022/02/04,322.0,200.0,-0.2337164750957854,103.177,0.6168582375478927,0.3831417624521073
2022/02/06,280.0,183.0,-0.2095032397408207,105.208,0.6047516198704104,0.3952483801295896
2022/02/07,294.0,187.0,-0.2224532224532224,104.114,0.6112266112266113,0.3887733887733888
2022/02/08,314.0,201.0,-0.2194174757281553,104.365,0.6097087378640776,0.39029126213592236
2022/02/09,329.0,209.0,-0.2230483271375464,104.055,0.6115241635687733,0.38847583643122674
2022/02/10,329.0,215.0,-0.2095588235294117,105.187,0.6047794117647058,0.3952205882352941
2022/02/11,251.0,171.0,-0.1895734597156398,106.866,0.5947867298578199,0.4052132701421801
2022/02/12,185.0,110.0,-0.2542372881355932,101.402,0.6271186440677966,0.3728813559322034
2022/02/13,180.0,116.0,-0.2162162162162162,104.612,0.6081081081081081,0.3918918918918919
2022/02/14,173.0,132.0,-0.1344262295081967,111.508,0.5672131147540984,0.43278688524590164
2022/02/15,232.0,221.0,-0.0242825607064017,120.728,0.5121412803532008,0.4878587196467991
2022/02/16,198.0,231.0,0.0769230769230769,129.025,0.46153846153846156,0.5384615384615384
2022/02/17,246.0,245.0,-0.0020366598778004,122.294,0.5010183299389002,0.4989816700610998
2022/02/18,242.0,274.0,0.0620155038759689,127.44,0.4689922480620155,0.5310077519379846
2022/02/19,239.0,284.0,0.0860420650095602,129.195,0.4569789674952199,0.5430210325047801
2022/02/20,250.0,281.0,0.0583804143126177,126.725,0.4708097928436911,0.5291902071563088
2022/02/21,302.0,284.0,-0.030716723549488,119.335,0.515358361774744,0.48464163822525597
2022/02/22,211.0,180.0,-0.0792838874680307,115.316,0.5396419437340153,0.46035805626598464
2022/02/23,238.0,179.0,-0.1414868105515587,110.211,0.5707434052757794,0.4292565947242206
2022/02/24,201.0,201.0,0.0,121.676,0.5,0.5
2022/02/25,181.0,159.0,-0.0647058823529411,116.35,0.5323529411764706,0.4676470588235294
2022/02/26,185.0,156.0,-0.0850439882697947,114.655,0.5425219941348973,0.4574780058651026
2022/02/27,175.0,158.0,-0.051051051051051,117.361,0.5255255255255256,0.4744744744744745
2022/02/28,133.0,137.0,0.0148148148148148,122.591,0.4925925925925926,0.5074074074074074
2022/03/01,146.0,145.0,-0.0034364261168384,121.018,0.5017182130584192,0.49828178694158076
2022/03/02,126.0,116.0,-0.0413223140495867,117.899,0.5206611570247934,0.4793388429752066
2022/03/03,155.0,95.0,-0.24,101.9,0.62,0.38
2022/03/04,193.0,104.0,-0.2996632996632997,97.095,0.6498316498316499,0.3501683501683502
2022/03/05,179.0,98.0,-0.2924187725631769,97.682,0.6462093862815884,0.35379061371841153
2022/03/07,280.0,121.0,-0.3965087281795511,89.3,0.6982543640897756,0.30174563591022446
2022/03/08,326.0,141.0,-0.3961456102783726,89.348,0.6980728051391863,0.3019271948608137
2022/03/09,313.0,144.0,-0.3698030634573304,91.486,0.6849015317286652,0.3150984682713348
2022/03/10,494.0,405.0,-0.0989988876529477,113.311,0.5494994438264739,0.45050055617352613
2022/03/11,578.0,450.0,-0.1245136186770428,111.232,0.5622568093385214,0.4377431906614786
2022/03/12,598.0,492.0,-0.0972477064220183,113.399,0.5486238532110091,0.45137614678899085
2022/03/13,660.0,523.0,-0.1158072696534235,111.88,0.5579036348267118,0.44209636517328826
2022/03/14,655.0,535.0,-0.1008403361344537,113.057,0.5504201680672269,0.4495798319327731
2022/03/15,669.0,549.0,-0.0985221674876847,113.213,0.5492610837438424,0.45073891625615764
2022/03/16,703.0,562.0,-0.1114624505928853,112.147,0.5557312252964427,0.4442687747035573
2022/03/17,534.0,322.0,-0.2476635514018691,101.192,0.6238317757009346,0.37616822429906543
2022/03/18,424.0,281.0,-0.2028368794326241,104.796,0.601418439716312,0.39858156028368796
2022/03/20,401.0,266.0,-0.2023988005997001,104.826,0.6011994002998501,0.3988005997001499
2022/03/21,368.0,260.0,-0.1719745222929936,107.269,0.5859872611464968,0.4140127388535032
2022/03/22,311.0,239.0,-0.1309090909090909,110.562,0.5654545454545454,0.43454545454545457
2022/03/23,239.0,197.0,-0.0963302752293578,113.319,0.5481651376146789,0.4518348623853211
2022/03/24,228.0,201.0,-0.0629370629370629,115.963,0.5314685314685315,0.46853146853146854
2022/03/25,227.0,195.0,-0.0758293838862559,114.887,0.5379146919431279,0.46208530805687204
2022/03/26,216.0,166.0,-0.1308900523560209,110.443,0.5654450261780105,0.43455497382198954
2022/03/27,213.0,154.0,-0.1607629427792915,108.032,0.5803814713896458,0.4196185286103542
2022/03/28,545.0,255.0,-0.3625,91.823,0.68125,0.31875
2022/03/29,1074.0,500.0,-0.3646759847522236,91.659,0.6823379923761118,0.3176620076238882
2022/03/30,1433.0,722.0,-0.3299303944315545,94.46,0.6649651972157773,0.33503480278422276
2022/03/31,1672.0,880.0,-0.3103448275862069,96.04,0.6551724137931034,0.3448275862068966
2022/04/01,1848.0,1023.0,-0.2873563218390804,97.893,0.6436781609195402,0.3563218390804598
2022/04/02,1910.0,1053.0,-0.2892338845764428,97.744,0.6446169422882214,0.3553830577117786
2022/04/03,2023.0,1166.0,-0.26873628096582,99.398,0.63436814048291,0.36563185951709
2022/04/04,1826.0,1143.0,-0.2300437857864601,102.519,0.6150218928932301,0.38497810710676994
2022/04/05,1421.0,1075.0,-0.1386217948717948,109.89,0.5693108974358975,0.4306891025641026
2022/04/06,1205.0,915.0,-0.1367924528301886,110.021,0.5683962264150944,0.43160377358490565
2022/04/07,1087.0,814.0,-0.1436086270384008,109.456,0.5718043135192005,0.4281956864807996
2022/04/08,1000.0,715.0,-0.1661807580174927,107.623,0.5830903790087464,0.41690962099125367
2022/04/09,1045.0,720.0,-0.1841359773371104,106.165,0.5920679886685553,0.40793201133144474
2022/04/10,994.0,687.0,-0.1826293872694824,106.28,0.5913146936347412,0.4086853063652588
2022/04/11,1006.0,742.0,-0.1510297482837528,108.824,0.5755148741418764,0.4244851258581236
2022/04/12,1030.0,657.0,-0.2211025489033787,103.152,0.6105512744516894,0.3894487255483106
2022/04/13,1178.0,819.0,-0.1797696544817225,106.491,0.5898848272408613,0.4101151727591387
2022/04/14,1151.0,773.0,-0.1964656964656964,105.134,0.5982328482328483,0.4017671517671518
2022/04/15,1092.0,755.0,-0.1824580400649702,106.262,0.5912290200324851,0.4087709799675149
2022/04/16,1003.0,756.0,-0.1404206935758954,109.656,0.5702103467879477,0.4297896532120523
2022/04/17,928.0,664.0,-0.1658291457286432,107.587,0.5829145728643216,0.41708542713567837
2022/04/18,847.0,576.0,-0.1904427266338721,105.584,0.5952213633169361,0.40477863668306396
2022/04/19,909.0,564.0,-0.2342158859470468,102.029,0.6171079429735234,0.38289205702647655
2022/04/20,724.0,389.0,-0.3009883198562443,96.608,0.6504941599281222,0.3495058400718778
2022/04/21,643.0,371.0,-0.2682445759368836,99.271,0.6341222879684418,0.36587771203155817
2022/04/22,664.0,367.0,-0.2880698351115422,97.66,0.6440349175557711,0.3559650824442289
2022/04/23,745.0,392.0,-0.3104661389621811,95.84,0.6552330694810906,0.3447669305189094
2022/04/24,799.0,409.0,-0.3228476821192053,94.837,0.6614238410596026,0.33857615894039733
2022/04/25,771.0,381.0,-0.3385416666666667,93.564,0.6692708333333334,0.3307291666666667
2022/04/26,571.0,319.0,-0.2831460674157303,98.083,0.6415730337078651,0.35842696629213483
2022/04/27,571.0,316.0,-0.2874859075535513,97.731,0.6437429537767756,0.35625704622322435
2022/04/28,617.0,331.0,-0.3016877637130801,96.574,0.6508438818565401,0.3491561181434599
2022/04/29,566.0,334.0,-0.2577777777777778,100.162,0.6288888888888889,0.3711111111111111
2022/04/30,526.0,291.0,-0.2876376988984088,97.722,0.6438188494492044,0.3561811505507956
2022/05/01,500.0,309.0,-0.2360939431396786,101.939,0.6180469715698393,0.3819530284301607
2022/05/02,720.0,472.0,-0.2080536912751678,104.232,0.6040268456375839,0.3959731543624161
2022/05/03,820.0,622.0,-0.1373092926490984,110.014,0.5686546463245492,0.43134535367545074
2022/05/04,767.0,628.0,-0.0996415770609319,113.074,0.5498207885304659,0.45017921146953405
2022/05/05,701.0,620.0,-0.0613171839515518,116.169,0.5306585919757759,0.4693414080242241
2022/05/06,725.0,640.0,-0.0622710622710622,116.047,0.5311355311355311,0.46886446886446886
2022/05/07,668.0,654.0,-0.010590015128593,120.192,0.5052950075642966,0.4947049924357035
2022/05/08,698.0,638.0,-0.0449101796407185,117.341,0.5224550898203593,0.47754491017964074
2022/05/09,586.0,577.0,-0.0077386070507308,120.288,0.5038693035253654,0.4961306964746346
2022/05/10,566.0,485.0,-0.077069457659372,114.623,0.538534728829686,0.461465271170314
2022/05/11,563.0,486.0,-0.0734032411820781,114.885,0.5367016205910391,0.4632983794089609
2022/05/12,641.0,506.0,-0.1176983435047951,111.275,0.5588491717523976,0.44115082824760243
2022/05/13,691.0,469.0,-0.1913793103448275,105.299,0.5956896551724138,0.4043103448275862
2022/05/14,722.0,473.0,-0.2083682008368201,103.918,0.6041841004184101,0.39581589958158997
2022/05/15,700.0,476.0,-0.1904761904761904,105.365,0.5952380952380952,0.40476190476190477
2022/05/16,629.0,400.0,-0.2225461613216715,102.759,0.6112730806608357,0.38872691933916426
2022/05/17,545.0,351.0,-0.2165178571428571,103.246,0.6082589285714286,0.39174107142857145
2022/05/18,637.0,348.0,-0.2934010152284264,96.999,0.6467005076142132,0.3532994923857868
2022/05/19,579.0,325.0,-0.2809734513274336,98.011,0.6404867256637168,0.35951327433628316
2022/05/20,503.0,330.0,-0.2076830732292917,103.974,0.6038415366146459,0.39615846338535415
2022/05/21,486.0,304.0,-0.230379746835443,102.123,0.6151898734177215,0.3848101265822785
2022/05/22,455.0,298.0,-0.2084993359893758,103.903,0.6042496679946879,0.39575033200531207
2022/05/23,526.0,307.0,-0.2629051620648259,99.466,0.631452581032413,0.368547418967587
2022/05/24,570.0,333.0,-0.2624584717607973,99.503,0.6312292358803987,0.3687707641196013
2022/05/25,499.0,311.0,-0.2320987654320987,101.982,0.6160493827160494,0.38395061728395063
2022/05/26,575.0,384.0,-0.1991657977059437,104.669,0.5995828988529719,0.40041710114702816
2022/05/27,572.0,385.0,-0.1954022988505747,104.973,0.5977011494252874,0.40229885057471265
2022/05/28,585.0,398.0,-0.190233977619532,105.39,0.595116988809766,0.40488301119023395
2022/05/29,580.0,386.0,-0.2008281573498964,104.519,0.6004140786749482,0.3995859213250518
2022/05/30,489.0,341.0,-0.1783132530120482,106.357,0.5891566265060241,0.4108433734939759
2022/05/31,671.0,526.0,-0.1211361737677527,111.025,0.5605680868838764,0.4394319131161236
2022/06/01,671.0,547.0,-0.1018062397372742,112.586,0.5509031198686372,0.4490968801313629
2022/06/02,647.0,508.0,-0.1203463203463203,111.049,0.5601731601731602,0.43982683982683984
2022/06/03,747.0,535.0,-0.1653666146645865,107.354,0.5826833073322933,0.4173166926677067
2022/06/04,716.0,517.0,-0.1613949716139497,107.67,0.5806974858069749,0.41930251419302517
2022/06/05,702.0,508.0,-0.1603305785123966,107.748,0.5801652892561984,0.41983471074380163
2022/06/06,699.0,501.0,-0.165,107.357,0.5825,0.4175
2022/06/07,465.0,265.0,-0.273972602739726,98.423,0.636986301369863,0.363013698630137
2022/06/08,434.0,220.0,-0.327217125382263,94.059,0.6636085626911316,0.3363914373088685
2022/06/09,349.0,166.0,-0.3553398058252427,91.761,0.6776699029126214,0.32233009708737864
2022/06/10,290.0,142.0,-0.3425925925925926,92.815,0.6712962962962963,0.3287037037037037
2022/06/11,317.0,152.0,-0.3518123667377398,92.067,0.67590618336887,0.32409381663113007
2022/06/12,351.0,171.0,-0.3448275862068966,92.649,0.6724137931034483,0.3275862068965517
2022/06/13,382.0,191.0,-0.3333333333333333,93.6,0.6666666666666666,0.3333333333333333
2022/06/14,458.0,222.0,-0.3470588235294117,92.48,0.6735294117647059,0.3264705882352941
2022/06/15,462.0,248.0,-0.3014084507042253,96.238,0.6507042253521127,0.3492957746478873
2022/06/16,535.0,310.0,-0.2662721893491124,99.131,0.6331360946745562,0.3668639053254438
2022/06/17,507.0,304.0,-0.250308261405672,100.445,0.625154130702836,0.374845869297164
2022/06/18,498.0,312.0,-0.2296296296296296,102.148,0.6148148148148148,0.3851851851851852
2022/06/19,513.0,294.0,-0.2713754646840148,98.706,0.6356877323420075,0.3643122676579926
2022/06/20,564.0,362.0,-0.2181425485961123,103.097,0.6090712742980562,0.39092872570194387
2022/06/21,714.0,865.0,0.0956301456618112,128.819,0.45218492716909436,0.5478150728309057
2022/06/22,816.0,947.0,0.0743051616562677,126.909,0.4628474191718661,0.5371525808281339
2022/06/23,784.0,901.0,0.0694362017804154,126.361,0.4652818991097923,0.5347181008902078
2022/06/24,786.0,908.0,0.0720188902007083,126.421,0.4639905548996458,0.5360094451003542
2022/06/25,776.0,884.0,0.0650602409638554,125.718,0.4674698795180723,0.5325301204819277
2022/06/26,723.0,880.0,0.0979413599500935,128.194,0.4510293200249532,0.5489706799750468
2022/06/27,675.0,826.0,0.100599600266489,128.228,0.4497001998667555,0.5502998001332445
2022/06/28,531.0,324.0,-0.2421052631578947,100.817,0.6210526315789474,0.37894736842105264
2022/06/29,467.0,240.0,-0.321074964639321,94.501,0.6605374823196606,0.33946251768033947
2022/06/30,746.0,511.0,-0.1869530628480509,105.237,0.5934765314240255,0.40652346857597454
